USE master;
GO
-------------------------------
-- Kiểm tra nếu database HIVCareDB đã tồn tại
IF EXISTS (SELECT name FROM sys.databases WHERE name = 'HIVTreatmentAndMedicalServicesSystem')
BEGIN
    -- Nếu tồn tại thì hủy tất cả kết nối và xóa
    ALTER DATABASE HIVTreatmentAndMedicalServicesSystem SET SINGLE_USER WITH ROLLBACK IMMEDIATE;
    DROP DATABASE HIVTreatmentAndMedicalServicesSystem;
    PRINT 'Database HIVTreatmentAndMedicalServicesSystem đã tồn tại và đã được xóa.';
END

-- Tạo database mới
CREATE DATABASE HIVTreatmentAndMedicalServicesSystem;
GO

PRINT 'Database HIVTreatmentAndMedicalServicesSystem đã được tạo mới.';
GO

-- Chuyển sang sử dụng database vừa tạo
USE HIVTreatmentAndMedicalServicesSystem

go
set dateformat dmy


CREATE TABLE [Roles] (
  [RoleID] varchar(5) PRIMARY KEY, --R001
  [RoleName] nvarchar(30) NOT NULL
)
GO

CREATE TABLE [Users] (
  [UserID] varchar(8) PRIMARY KEY, --UI000001
  [RoleID] varchar(5) NOT NULL,
  [Fullname] nvarchar(100) NOT NULL,
  [Password] varchar(255) NOT NULL,
  [Email] varchar(100) UNIQUE NOT NULL,
  [Address] nvarchar(200),
  [Image] varchar(200)
)
GO

CREATE TABLE [Patients] ( 
  [PatientID] varchar(8) PRIMARY KEY, --PT000001
  [UserID] varchar(8) NOT NULL,
  [DateOfBirth] date,
  [Gender] nvarchar(20),
  [Phone] varchar(20),
  [BloodType] varchar(10),
  [Allergy] nvarchar(200)
)
GO

CREATE TABLE [Doctors] (
  [DoctorID] varchar(8) PRIMARY KEY, --DT000001
  [UserID] varchar(8) NOT NULL,
  [Specialization] nvarchar(100),
  [LicenseNumber] nvarchar(50) UNIQUE,
  [ExperienceYears] int
)
GO

CREATE TABLE [Slot] (
  [SlotID] varchar(8) PRIMARY KEY, --SL001
  [SlotNumber] int,
  [StartTime] time NOT NULL,
  [EndTime] time NOT NULL
)
GO

CREATE TABLE [DoctorWorkSchedule] (
  [ScheduleID] varchar(8) PRIMARY KEY, --DW000001
  [DoctorID] varchar(8) NOT NULL,
  [SlotID] varchar(8) NOT NULL,
  [DateWork] datetime
)
GO

CREATE TABLE [Booking] (
  [BookID] varchar(8) PRIMARY KEY, --BK000001
  [PatientID] varchar(8) NOT NULL,
  [DoctorID] varchar(8) NOT NULL,
  [BookingType] nvarchar(50),
  [LabRequest] nvarchar(50),
  [BookDate] datetime NOT NULL,
  [Status] nvarchar(20) DEFAULT N'Thành công' CHECK (Status IN (N'Thành công', N'Đã hủy')),
  [LinkMeet] nvarchar(255),
  [Note] nvarchar(255)
)
GO

CREATE TABLE [TreatmentPlan] (
  [TreatmentPlanID] varchar(8) PRIMARY KEY, --TP000001
  [PatientID] varchar(8) NOT NULL,
  [DoctorID] varchar(8) NOT NULL,
  [ARVProtocol] varchar(8) NOT NULL,
  [TreatmentLine] int,
  [Diagnosis] nvarchar(255),
  [TreatmentResult] nvarchar(255),
  [CreatedDate] datetime DEFAULT (CURRENT_TIMESTAMP)
)
GO

CREATE TABLE [Medication] (
  [MedicationID] varchar(8) PRIMARY KEY, --MD000001
  [MedicationName] nvarchar(100) NOT NULL,
  [DosageForm] nvarchar(50),
  [Strength] nvarchar(50),
  [TargetGroup] nvarchar(50),
  [CreatedAt] datetime DEFAULT (CURRENT_TIMESTAMP)
)
GO

CREATE TABLE [Prescription] (
  [PrescriptionID] varchar(8) PRIMARY KEY, --PR000001
  [MedicalRecordID] varchar(8) NOT NULL,
  [MedicationID] varchar(8) NOT NULL,
  [DoctorID] varchar(8) NOT NULL,
  [StartDate] date NOT NULL,
  [EndDate] date,
  [Dosage] nvarchar(100),
  [LineOfTreatment] nvarchar(50),
  [CreatedAt] datetime DEFAULT (CURRENT_TIMESTAMP)
)
GO

CREATE TABLE [ARVProtocol] (
  [ARVID] varchar(8) PRIMARY KEY, --AP000001
  [ARVCode] nvarchar(50),
  [ARVName] nvarchar(100),
  [Description] nvarchar(255),
  [AgeRange] nvarchar(50),
  [ForGroup] nvarchar(50),
  [CreatedAt] datetime DEFAULT (CURRENT_TIMESTAMP)
)
GO

CREATE TABLE [Reminder] (
  [ReminderCheckID] varchar(8) PRIMARY KEY, --RM000001
  [PatientID] varchar(8) NOT NULL,
  [TreatmentPlantID] varchar(8) NOT NULL,
  [PrescriptionID] varchar(8) NOT NULL,
  [ReminderType] varchar(50),
  [ReminderTime] datetime NOT NULL,
  [Message] nvarchar(255)
)
GO

CREATE TABLE [LabTests] (
  [LabTestID] varchar(8) PRIMARY KEY,--LT000001
  [RequestID] varchar(8) NOT NULL,
  [TreatmentPlantID] varchar(8) NOT NULL,
  [TestName] nvarchar(100) NOT NULL,
  [TestCode] varchar(50) UNIQUE,
  [TestType] varchar(50),
  [ResultValue] nvarchar(100),
  [CD4Initial] int,
  [ViralLoadInitial] int,
  [Status] varchar(20) DEFAULT N'Đang xử lý' CHECK (Status IN (N'Đang xử lý', N'Hoàn thành')),
  [Description] nvarchar(255)
)
GO

CREATE TABLE [Payment] (
  [PaymentID] varchar(8) PRIMARY KEY, -- PM000001
  [BookID] varchar(8) NOT NULL,
  [Amount] decimal(10,2) NOT NULL,
  [PaymentDate] datetime NOT NULL,
  [PaymentMethod] nvarchar(50) NOT NULL, -- Phương thức thanh toán, không phải status
  [Status] nvarchar(20) DEFAULT N'Đang chờ' CHECK (Status IN (N'Đang chờ', N'Thành công', N'Thất bại')),
  [Description] nvarchar(255),
  [CreatedAt] datetime DEFAULT (CURRENT_TIMESTAMP)
)
GO

ALTER TABLE [Users] ADD FOREIGN KEY ([RoleID]) REFERENCES [Roles] ([RoleID])
GO

ALTER TABLE [Patients] ADD FOREIGN KEY ([UserID]) REFERENCES [Users] ([UserID])
GO

ALTER TABLE [Doctors] ADD FOREIGN KEY ([UserID]) REFERENCES [Users] ([UserID])
GO

ALTER TABLE [DoctorWorkSchedule] ADD FOREIGN KEY ([DoctorID]) REFERENCES [Doctors] ([DoctorID])
GO

ALTER TABLE [DoctorWorkSchedule] ADD FOREIGN KEY ([SlotID]) REFERENCES [Slot] ([SlotID])
GO

ALTER TABLE [Booking] ADD FOREIGN KEY ([PatientID]) REFERENCES [Patients] ([PatientID])
GO

ALTER TABLE [Booking] ADD FOREIGN KEY ([DoctorID]) REFERENCES [Doctors] ([DoctorID])
GO

ALTER TABLE [TreatmentPlan] ADD FOREIGN KEY ([PatientID]) REFERENCES [Patients] ([PatientID])
GO

ALTER TABLE [TreatmentPlan] ADD FOREIGN KEY ([DoctorID]) REFERENCES [Doctors] ([DoctorID])
GO

ALTER TABLE [TreatmentPlan] ADD FOREIGN KEY ([ARVProtocol]) REFERENCES [ARVProtocol] ([ARVID])
GO

ALTER TABLE [Prescription] ADD FOREIGN KEY ([MedicalRecordID]) REFERENCES [TreatmentPlan] ([TreatmentPlanID])
GO

ALTER TABLE [Prescription] ADD FOREIGN KEY ([MedicationID]) REFERENCES [Medication] ([MedicationID])
GO

ALTER TABLE [Prescription] ADD FOREIGN KEY ([DoctorID]) REFERENCES [Doctors] ([DoctorID])
GO

ALTER TABLE [Reminder] ADD FOREIGN KEY ([PatientID]) REFERENCES [Patients] ([PatientID])
GO

ALTER TABLE [Reminder] ADD FOREIGN KEY ([TreatmentPlantID]) REFERENCES [TreatmentPlan] ([TreatmentPlanID])
GO

ALTER TABLE [Reminder] ADD FOREIGN KEY ([PrescriptionID]) REFERENCES [Prescription] ([PrescriptionID])
GO

ALTER TABLE [LabTests] ADD FOREIGN KEY ([RequestID]) REFERENCES [Booking] ([BookID])
GO

ALTER TABLE [LabTests] ADD FOREIGN KEY ([TreatmentPlantID]) REFERENCES [TreatmentPlan] ([TreatmentPlanID])
GO

ALTER TABLE [Payment] ADD FOREIGN KEY ([BookID]) REFERENCES [Booking] ([BookID])
GO
-- Roles
insert into Roles values ('R001', 'Admin');
insert into Roles values ('R002', 'Manager');
insert into Roles values ('R003', 'Doctor');
insert into Roles values ('R004', 'Staff');
insert into Roles values ('R005', 'Patient');

-- Admin
INSERT INTO Users VALUES ('UI000001', 'R001', N'Lê Quốc Việt', '123', 'lequocviet@gmail.com', N'Hà Nội', '/image/admin1.png');
INSERT INTO Users VALUES ('UI000002', 'R001', N'Nguyễn Văn Nguyên', '123', 'nguyenvannguyen@gmail.com', N'Hồ Chí Minh', '/image/admin2.png');
INSERT INTO Users VALUES ('UI000003', 'R001', N'Hoàng Anh Tuấn', '123', 'hoanganhtuan@gmail.com', N'Lâm Đồng', 'admin3.jpg');
INSERT INTO Users VALUES ('UI000004', 'R001', N'Võ Việt Dũng', '123', 'vovietdung@gmail.com', N'Hồ Chí Minh', '/image/admin4.jpg');
INSERT INTO Users VALUES ('UI000005', 'R001', N'Nguyễn Ngọc Tín', '123', 'nguyenngoctin@gmail.com', N'Hồ Chí Minh', '/image/admin5.jpg');
INSERT INTO Users VALUES ('UI000006', 'R001', N'Đỗ Thị Nhung', '123', 'dothinhung@gmail.com', N'Hà Nội', '/image/admin6.jpg');
INSERT INTO Users VALUES ('UI000007', 'R001', N'Vũ Văn Thái', '123', 'vuvanthai7@gmail.com', N'Hà Nội', '/image/admin7.jpg');
INSERT INTO Users VALUES ('UI000008', 'R001', N'Đặng Thị Xuân', '123', 'dothixuan@gmail.com', N'Hồ Chí Minh', '/image/admin8.jpg');
INSERT INTO Users VALUES ('UI000009', 'R001', N'Mai Văn Tuyền', '123', 'maivantuyen@gmail.com', N'Hồ Chí Minh', '/image/admin9.jpg');
INSERT INTO Users VALUES ('UI000010', 'R001', N'Trịnh Thị Yến', '123', 'trinhthiyen@gmail.com', N'Hà Nội', '/image/admin10.jpg');

-- Manager
INSERT INTO Users VALUES ('UI000011', 'R002', N'Nguyễn Văn Nguyên', '123', 'nguyenmanager@gmail.com', N'Hà Nội', '/image/manager1.jpg');
INSERT INTO Users VALUES ('UI000012', 'R002', N'Trần Thị Hạnh', '123', 'tranthihanh@gmail.com', N'Hồ Chí Minh', '/image/manager2.jpg');
INSERT INTO Users VALUES ('UI000013', 'R002', N'Lê Quốc Hùng', '123', 'lequochung@gmail.com', N'Đà Nẵng', '/image/manager3.jpg');
INSERT INTO Users VALUES ('UI000014', 'R002', N'Phạm Thị Duyên', '123', 'phamthiduyen@gmail.com', N'Cần Thơ', '/image/manager4.jpg');
INSERT INTO Users VALUES ('UI000015', 'R002', N'Hoàng Văn Thái', '123', 'hoangvanthai@gmail.com', N'Hải Phòng', '/image/manager5.jpg');
INSERT INTO Users VALUES ('UI000016', 'R002', N'Đỗ Thị Hạnh', '123', 'dithihanh@gmail.com', N'Nha Trang', '/image/manager6.jpg');
INSERT INTO Users VALUES ('UI000017', 'R002', N'Vũ Văn Tuyền', '123', 'levantuyen@gmail.com', N'Đà Lạt', '/image/manager7.jpg');
INSERT INTO Users VALUES ('UI000018', 'R002', N'Đặng Thị Thu', '123', 'dangthithu@gmail.com', N'Huế', '/image/manager8.jpg');
INSERT INTO Users VALUES ('UI000019', 'R002', N'Mai Quốc Khánh', '123', 'maiquockhanh9@gmail.com', N'Quảng Ninh', '/image/manager9.jpg');
INSERT INTO Users VALUES ('UI000020', 'R002', N'Trịnh Thị Hồng', '123', 'trinhthihong@gmail.com', N'Bắc Ninh', '/image/manager10.jpg');

-- Doctor
INSERT INTO Users VALUES ('UI000021', 'R003', N'Nguyễn Văn An', '123', 'nguyenvanan@gmail.com', N'Hà Nội', '/image/doctor21.png');
INSERT INTO Users VALUES ('UI000022', 'R003', N'Trần Bình An', '123', 'tranbinhan@gmail.com', N'Hồ Chí Minh', '/image/doctor22.png');
INSERT INTO Users VALUES ('UI000023', 'R003', N'Lê Văn Cường', '123', 'levancuong@gmail.com', N'Đà Nẵng', '/image/doctor23.png');
INSERT INTO Users VALUES ('UI000024', 'R003', N'Phạm Thị Dung', '123', 'phamthidung@gmail.com', N'Cần Thơ', '/image/doctor24.png');
INSERT INTO Users VALUES ('UI000025', 'R003', N'Hoàng Văn Anh', '123', 'hoangvananh@gmail.com', N'Hải Phòng', '/image/doctor25.png');
INSERT INTO Users VALUES ('UI000026', 'R003', N'Đỗ Thị Phương', '123', 'dothiphuong@gmail.com', N'Nha Trang', '/image/doctor26.png');
INSERT INTO Users VALUES ('UI000027', 'R003', N'Vũ Văn Giang', '123', 'vuvangiang@gmail.com', N'Đà Lạt', '/image/doctor27.png');
INSERT INTO Users VALUES ('UI000028', 'R003', N'Đặng Thị Hương', '123', 'dangthihuong@gmail.com', N'Huế', '/image/doctor28.png');
INSERT INTO Users VALUES ('UI000029', 'R003', N'Mai Văn Khoa', '123', 'maivankhoa@gmail.com', N'Quảng Ninh', '/image/doctor29.png');
INSERT INTO Users VALUES ('UI000030', 'R003', N'Trịnh Thị Linh', '123', 'trinhthilinh@gmail.com', N'Bắc Ninh', '/image/doctor30.png');

INSERT INTO Users VALUES ('UI000031', 'R003', N'Lê Minh Tuấn', '123', 'leminhtuan@gmail.com', N'Hà Nội', '/image/doctor31.png');
INSERT INTO Users VALUES ('UI000032', 'R003', N'Phạm Thu Hằng', '123', 'phamthuhang@gmail.com', N'Hồ Chí Minh', '/image/doctor32.png');
INSERT INTO Users VALUES ('UI000033', 'R003', N'Ngô Văn Huy', '123', 'ngovanhuy@gmail.com', N'Đà Nẵng', '/image/doctor33.png');
INSERT INTO Users VALUES ('UI000034', 'R003', N'Trần Hải Yến', '123', 'tranhaiyen@gmail.com', N'Hải Phòng', '/image/doctor34.png');
INSERT INTO Users VALUES ('UI000035', 'R003', N'Hoàng Đức Anh', '123', 'hoangducanh@gmail.com', N'Cần Thơ', '/image/doctor35.png');
INSERT INTO Users VALUES ('UI000036', 'R003', N'Đỗ Thị Mai', '123', 'dothimai@gmail.com', N'Nghệ An', '/image/doctor36.png');
INSERT INTO Users VALUES ('UI000037', 'R003', N'Vũ Ngọc Long', '123', 'vungoclong@gmail.com', N'Thái Bình', '/image/doctor37.png');
INSERT INTO Users VALUES ('UI000038', 'R003', N'Bùi Thanh Hương', '123', 'buithanhhuong@gmail.com', N'Hưng Yên', '/image/doctor38.png');
INSERT INTO Users VALUES ('UI000039', 'R003', N'Tạ Quang Dũng', '123', 'taquangdung@gmail.com', N'Lâm Đồng', '/image/doctor39.png');
INSERT INTO Users VALUES ('UI000040', 'R003', N'Nguyễn Thị Kim', '123', 'nguyenthikim@gmail.com', N'Bình Dương', '/image/doctor40.png');


-- Staff
INSERT INTO Users VALUES ('UI000041', 'R004', N'Nguyễn Văn Nam', '123', 'nguyenvannam@gmail.com', N'Hà Nội', '/image/staff.png');
INSERT INTO Users VALUES ('UI000042', 'R004', N'Trần Thị Oanh', '123', 'tranthioanh@gmail.com', N'Hồ Chí Minh', '/image/staff.png');
INSERT INTO Users VALUES ('UI000043', 'R004', N'Lê Văn Phong', '123', 'levanphong@gmail.com', N'Đà Nẵng', '/image/staff.png');
INSERT INTO Users VALUES ('UI000044', 'R004', N'Phạm Thị Quỳnh', '123', 'phamthiquynh@gmail.com', N'Cần Thơ', '/image/staff.png');
INSERT INTO Users VALUES ('UI000045', 'R004', N'Hoàng Văn Phong', '123', 'hoangvanphong@gmail.com', N'Hải Phòng', '/image/staff.png');
INSERT INTO Users VALUES ('UI000046', 'R004', N'Đỗ Thị Sương', '123', 'dothisuong@gmail.com', N'Nha Trang', '/image/staff.png');
INSERT INTO Users VALUES ('UI000047', 'R004', N'Vũ Văn Toàn', '123', 'vuvantoan@gmail.com', N'Đà Lạt', '/image/staff.png');
INSERT INTO Users VALUES ('UI000048', 'R004', N'Đặng Thị Uyên', '123', 'dangthiuyen@gmail.com', N'Huế', '/image/staff.png');
INSERT INTO Users VALUES ('UI000049', 'R004', N'Mai Văn Vinh', '123', 'maivanvinh@gmail.com', N'Quảng Ninh', '/image/staff.png');
INSERT INTO Users VALUES ('UI000050', 'R004', N'Trịnh Trần Xuân', '123', 'trinhtranxuan@gmail.com', N'Bắc Ninh', '/image/staff.png');

-- Patient
INSERT INTO Users VALUES ('UI000051', 'R005', N'Trịnh Bá khá', '123', 'trinhbakha@gmail.com', N'Hà Nội', '/image/patient.png');
INSERT INTO Users VALUES ('UI000052', 'R005', N'Trần Thị Thắm', '123', 'tranthitham@gmail.com', N'Hồ Chí Minh', '/image/patient.png');
INSERT INTO Users VALUES ('UI000053', 'R005', N'Lê Văn Anh', '123', 'levananh@gmail.com', N'Đà Nẵng', '/image/patient.png');
INSERT INTO Users VALUES ('UI000054', 'R005', N'Phạm Thị Bích', '123', 'phamthibich@gmail.com', N'Cần Thơ', '/image/patient.png');
INSERT INTO Users VALUES ('UI000055', 'R005', N'Hoàng Văn Cảnh', '123', 'hoangvancanh@gmail.com', N'Hải Phòng', '/image/patient.png');
INSERT INTO Users VALUES ('UI000056', 'R005', N'Đỗ Thị Diệp', '123', 'dothihiep@gmail.com', N'Nha Trang', '/image/patient.png');
INSERT INTO Users VALUES ('UI000057', 'R005', N'Vũ Văn Em', '123', 'vuvanem@gmail.com', N'Đà Lạt', '/image/patient.png');
INSERT INTO Users VALUES ('UI000058', 'R005', N'Đặng Thị Phúc', '123', 'phamthiphuc@gmail.com', N'Huế', '/image/patient.png');
INSERT INTO Users VALUES ('UI000059', 'R005', N'Mai Văn Giáp', '123', 'maivangiap@gmail.com', N'Quảng Ninh', '/image/patient.png');
INSERT INTO Users VALUES ('UI000060', 'R005', N'Trịnh Thị Hòa', '123', 'trinhthihoa@gmail.com', N'Bắc Ninh', '/image/patient.png');

INSERT INTO Users VALUES ('UI000061', 'R005', N'Nguyễn Thị Hồng', '123', 'nguyenthihong@gmail.com', N'Hồ Chí Minh', '/image/patient.png');
INSERT INTO Users VALUES ('UI000062', 'R005', N'Phạm Văn Cường', '123', 'phamvancuong@gmail.com', N'Đà Nẵng', '/image/patient.png');
INSERT INTO Users VALUES ('UI000063', 'R005', N'Lê Thị Mai', '123', 'lethimai@gmail.com', N'Hải Phòng', '/image/patient.png');
INSERT INTO Users VALUES ('UI000064', 'R005', N'Đỗ Mạnh Hùng', '123', 'domanhhung@gmail.com', N'Cần Thơ', '/image/patient.png');
INSERT INTO Users VALUES ('UI000065', 'R005', N'Trần Văn Bình', '123', 'tranvanbinh@gmail.com', N'Khánh Hòa', '/image/patient.png');
INSERT INTO Users VALUES ('UI000066', 'R005', N'Huỳnh Thị Ngọc', '123', 'huynhthingoc@gmail.com', N'Nghệ An', '/image/patient.png');
INSERT INTO Users VALUES ('UI000067', 'R005', N'Bùi Văn Long', '123', 'buivanlong@gmail.com', N'Lâm Đồng', '/image/patient.png');
INSERT INTO Users VALUES ('UI000068', 'R005', N'Võ Thị Lan', '123', 'vothilan@gmail.com', N'Quảng Ninh', '/image/patient.png');
INSERT INTO Users VALUES ('UI000069', 'R005', N'Tạ Minh Đức', '123', 'taminhduc@gmail.com', N'An Giang', '/image/patient.png');
INSERT INTO Users VALUES ('UI000070', 'R005', N'Ngô Quỳnh Anh', '123', 'ngoquynhanh@gmail.com', N'Thừa Thiên Huế', '/image/patient.png');



-- 3. Bảng Patients

INSERT INTO Patients VALUES ('PT000001', 'UI000051', '15-05-1985', N'Nam', '0907123495', 'A+', N'Không có dị ứng');
INSERT INTO Patients VALUES ('PT000002', 'UI000052', '20-08-1990', N'Nữ', '0918457230', 'O+', N'Dị ứng với Penicillin');
INSERT INTO Patients VALUES ('PT000003', 'UI000053', '10-03-1978', N'Nam', '0939421785', 'B+', N'Dị ứng với hải sản');
INSERT INTO Patients VALUES ('PT000004', 'UI000054', '25-11-1995', N'Nữ', '0943167298', 'AB+', N'Không có dị ứng');
INSERT INTO Patients VALUES ('PT000005', 'UI000055', '08-07-1982', N'Nam', '0967843201', 'A-', N'Dị ứng với mật ong');
INSERT INTO Patients VALUES ('PT000006', 'UI000056', '14-02-1998', N'Nữ', '0971957432', 'O-', N'Dị ứng với phấn hoa');
INSERT INTO Patients VALUES ('PT000007', 'UI000057', '30-09-1975', N'Nam', '0984279516', 'B-', N'Không có dị ứng');
INSERT INTO Patients VALUES ('PT000008', 'UI000058', '18-04-1993', N'Nữ', '0916237490', 'AB-', N'Dị ứng với thịt bò');
INSERT INTO Patients VALUES ('PT000009', 'UI000059', '05-12-1980', N'Nam', '0902849173', 'A+', N'Dị ứng với đậu phộng');
INSERT INTO Patients VALUES ('PT000010', 'UI000060', '22-06-1988', N'Nữ', '0939146825', 'O+', N'Không có dị ứng');

INSERT INTO Patients VALUES ('PT000011', 'UI000061', '12-11-1982', N'Nam', '0905123486', 'O+', N'Không có dị ứng');
INSERT INTO Patients VALUES ('PT000012', 'UI000062', '07-07-1995', N'Nữ', '0396234571', 'A-', N'Dị ứng với phấn hoa');
INSERT INTO Patients VALUES ('PT000013', 'UI000063', '03-01-1980', N'Nam', '0937345693', 'B+', N'Không có dị ứng');
INSERT INTO Patients VALUES ('PT000014', 'UI000064', '25-04-1988', N'Nữ', '0388456728', 'AB+', N'Dị ứng với Penicillin');
INSERT INTO Patients VALUES ('PT000015', 'UI000065', '18-09-1992', N'Nam', '0909567891', 'O-', N'Dị ứng với hải sản');
INSERT INTO Patients VALUES ('PT000016', 'UI000066', '30-12-1983', N'Nữ', '0370678942', 'A+', N'Không có dị ứng');
INSERT INTO Patients VALUES ('PT000017', 'UI000067', '14-06-1979', N'Nam', '0911789063', 'B-', N'Dị ứng với bụi nhà');
INSERT INTO Patients VALUES ('PT000018', 'UI000068', '09-10-1991', N'Nữ', '0362890174', 'AB-', N'Không có dị ứng');
INSERT INTO Patients VALUES ('PT000019', 'UI000069', '22-02-1987', N'Nam', '0393901295', 'O+', N'Dị ứng với trứng');
INSERT INTO Patients VALUES ('PT000020', 'UI000070', '11-08-1993', N'Nữ', '0904012366', 'A-', N'Dị ứng với động vật có lông');



 --4. Bảng Doctors

INSERT INTO Doctors VALUES ('DT000001', 'UI000021', N'HIV Treatment Specialist', 'LN12345', 8);
INSERT INTO Doctors VALUES ('DT000002', 'UI000022', N'HIV Clinical Management', 'LN23456', 10);
INSERT INTO Doctors VALUES ('DT000003', 'UI000023', N'HIV Immunotherapy', 'LN34567', 12);
INSERT INTO Doctors VALUES ('DT000004', 'UI000024', N'HIV Internal Medicine', 'LN45678', 15);
INSERT INTO Doctors VALUES ('DT000005', 'UI000025', N'HIV Prevention Specialist', 'LN56789', 14);
INSERT INTO Doctors VALUES ('DT000006', 'UI000026', N'HIV Virology Expert', 'LN67890', 16);
INSERT INTO Doctors VALUES ('DT000007', 'UI000027', N'ARV Therapy Consultant', 'LN78901', 11);
INSERT INTO Doctors VALUES ('DT000008', 'UI000028', N'Primary Care for HIV Patients', 'LN89012', 5);
INSERT INTO Doctors VALUES ('DT000009', 'UI000029', N'Pediatric HIV Specialist', 'LN90123', 13);
INSERT INTO Doctors VALUES ('DT000010', 'UI000030', N'HIV Research and Innovation', 'LN01234', 16);

INSERT INTO Doctors VALUES ('DT000011', 'UI000031', N'HIV Treatment Counseling', 'LN13511', 10);
INSERT INTO Doctors VALUES ('DT000012', 'UI000032', N'Specialized ARV Pharmacist', 'LN24532', 12);
INSERT INTO Doctors VALUES ('DT000013', 'UI000033', N'HIV Viral Load Monitoring', 'LN31287', 8);
INSERT INTO Doctors VALUES ('DT000014', 'UI000034', N'Psychological Counseling for HIV Patients', 'LN47891', 15);
INSERT INTO Doctors VALUES ('DT000015', 'UI000035', N'HIV Prevention & Immunization', 'LN58902', 9);
INSERT INTO Doctors VALUES ('DT000016', 'UI000036', N'Initial ARV Treatment Counseling', 'LN62455', 7);
INSERT INTO Doctors VALUES ('DT000017', 'UI000037', N'Treatment Adherence Monitoring', 'LN73841', 11);
INSERT INTO Doctors VALUES ('DT000018', 'UI000038', N'HIV Counseling for High-Risk Groups', 'LN81234', 14);
INSERT INTO Doctors VALUES ('DT000019', 'UI000039', N'HIV Pediatric Treatment Counseling', 'LN93472', 13);
INSERT INTO Doctors VALUES ('DT000020', 'UI000040', N'Advanced ARV Protocol Counseling', 'LN10483', 6);


--5. Bảng Slot

INSERT INTO Slot VALUES ('SL000001', 1, '08:00:00', '10:00:00');
INSERT INTO Slot VALUES ('SL000002', 2, '10:00:00', '12:00:00');
INSERT INTO Slot VALUES ('SL000003', 3, '12:00:00', '14:00:00');
INSERT INTO Slot VALUES ('SL000004', 4, '14:00:00', '16:00:00');
INSERT INTO Slot VALUES ('SL000005', 5, '16:00:00', '18:00:00');


-- 6. Bảng DoctorWorkSchedule

INSERT INTO DoctorWorkSchedule VALUES ('DW000001', 'DT000001', 'SL000001', '29-06-2025');
INSERT INTO DoctorWorkSchedule VALUES ('DW000002', 'DT000002', 'SL000002', '28-06-2025');
INSERT INTO DoctorWorkSchedule VALUES ('DW000003', 'DT000003', 'SL000003', '29-06-2025');
INSERT INTO DoctorWorkSchedule VALUES ('DW000004', 'DT000004', 'SL000004', '29-06-2025');
INSERT INTO DoctorWorkSchedule VALUES ('DW000005', 'DT000005', 'SL000005', '29-06-2025');
INSERT INTO DoctorWorkSchedule VALUES ('DW000006', 'DT000006', 'SL000001', '29-06-2025');
INSERT INTO DoctorWorkSchedule VALUES ('DW000007', 'DT000007', 'SL000002', '30-06-2025');
INSERT INTO DoctorWorkSchedule VALUES ('DW000008', 'DT000008', 'SL000003', '01-07-2025');
INSERT INTO DoctorWorkSchedule VALUES ('DW000009', 'DT000009', 'SL000001', '02-07-2025');
INSERT INTO DoctorWorkSchedule VALUES ('DW000010', 'DT000010', 'SL000005', '03-07-2025');

INSERT INTO DoctorWorkSchedule VALUES ('DW000011', 'DT000011', 'SL000003', '01-07-2025');
INSERT INTO DoctorWorkSchedule VALUES ('DW000012', 'DT000012', 'SL000001', '01-07-2025');
INSERT INTO DoctorWorkSchedule VALUES ('DW000013', 'DT000013', 'SL000005', '02-07-2025');
INSERT INTO DoctorWorkSchedule VALUES ('DW000014', 'DT000014', 'SL000002', '02-07-2025');
INSERT INTO DoctorWorkSchedule VALUES ('DW000015', 'DT000015', 'SL000004', '03-07-2025');
INSERT INTO DoctorWorkSchedule VALUES ('DW000016', 'DT000016', 'SL000002', '03-07-2025');
INSERT INTO DoctorWorkSchedule VALUES ('DW000017', 'DT000017', 'SL000001', '04-07-2025');
INSERT INTO DoctorWorkSchedule VALUES ('DW000018', 'DT000018', 'SL000003', '04-07-2025');
INSERT INTO DoctorWorkSchedule VALUES ('DW000019', 'DT000019', 'SL000005', '05-07-2025');
INSERT INTO DoctorWorkSchedule VALUES ('DW000020', 'DT000020', 'SL000004', '05-07-2025');



-- 7. Bảng ARVProtocol

INSERT INTO ARVProtocol VALUES ('AP000001', 'ARV-TLD', 'Tenofovir-Lamivudine-Dolutegravir', 'First-line regimen recommended by WHO', '18+', 'Adults', CURRENT_TIMESTAMP);
INSERT INTO ARVProtocol VALUES ('AP000002', 'ARV-TLE', 'Tenofovir-Lamivudine-Efavirenz', 'Alternative first-line regimen', '15+', 'Adults', CURRENT_TIMESTAMP);
INSERT INTO ARVProtocol VALUES ('AP000003', 'ARV-AZT', 'Zidovudine-Lamivudine-Nevirapine', 'For patients with kidney problems', '12+', 'Adults & Adolescents', CURRENT_TIMESTAMP);
INSERT INTO ARVProtocol VALUES ('AP000004', 'ARV-ABC', 'Abacavir-Lamivudine-Dolutegravir', 'For pediatric patients', '3-12', 'Children', CURRENT_TIMESTAMP);
INSERT INTO ARVProtocol VALUES ('AP000005', 'ARV-DTG', 'Dolutegravir-based regimen', 'High genetic barrier to resistance', '18+', 'Adults', CURRENT_TIMESTAMP);
INSERT INTO ARVProtocol VALUES ('AP000006', 'ARV-RAL', 'Raltegravir-based regimen', 'For pregnant women', '18+', 'Pregnant Women', CURRENT_TIMESTAMP);
INSERT INTO ARVProtocol VALUES ('AP000007', 'ARV-DRV', 'Darunavir-Ritonavir regimen', 'Second-line treatment', '18+', 'Adults with resistance', CURRENT_TIMESTAMP);
INSERT INTO ARVProtocol VALUES ('AP000008', 'ARV-LPV', 'Lopinavir-Ritonavir regimen', 'For children and adolescents', '5-18', 'Children & Adolescents', CURRENT_TIMESTAMP);
INSERT INTO ARVProtocol VALUES ('AP000009', 'ARV-ATV', 'Atazanavir-based regimen', 'For adults with comorbidities', '18+', 'Adults with TB', CURRENT_TIMESTAMP);
INSERT INTO ARVProtocol VALUES ('AP000010', 'ARV-BIC', 'Bictegravir-based regimen', 'Latest recommendation', '18+', 'Adults', CURRENT_TIMESTAMP);

INSERT INTO ARVProtocol VALUES ('AP000011', 'ARV-TDF-3TC-EFV', 'Tenofovir-Lamivudine-Efavirenz', 'First-line treatment for adults with HIV', '18+', 'Adults', CURRENT_TIMESTAMP);
INSERT INTO ARVProtocol VALUES ('AP000012', 'ARV-ABC-3TC-LPV', 'Abacavir-Lamivudine-Lopinavir', 'Recommended for second-line treatment in adults', '18+', 'Adults', CURRENT_TIMESTAMP);
INSERT INTO ARVProtocol VALUES ('AP000013', 'ARV-ZDV-3TC-NVP', 'Zidovudine-Lamivudine-Nevirapine', 'Alternative first-line for pregnant women', '18+', 'Pregnant Women', CURRENT_TIMESTAMP);
INSERT INTO ARVProtocol VALUES ('AP000014', 'ARV-TDF-FTC-DTG', 'Tenofovir-Emtricitabine-Dolutegravir', 'Preferred regimen with high barrier to resistance', '18+', 'Adults', CURRENT_TIMESTAMP);
INSERT INTO ARVProtocol VALUES ('AP000015', 'ARV-ABC-3TC-DTG', 'Abacavir-Lamivudine-Dolutegravir', 'Recommended for patients with renal impairment', '18+', 'Adults with Renal Issues', CURRENT_TIMESTAMP);
INSERT INTO ARVProtocol VALUES ('AP000016', 'ARV-ZDV-3TC-EFV', 'Zidovudine-Lamivudine-Efavirenz', 'Used in settings with limited DTG availability', '18+', 'Adults', CURRENT_TIMESTAMP);
INSERT INTO ARVProtocol VALUES ('AP000017', 'ARV-TDF-3TC-NVP', 'Tenofovir-Lamivudine-Nevirapine', 'Option for patients intolerant to DTG', '18+', 'Adults', CURRENT_TIMESTAMP);
INSERT INTO ARVProtocol VALUES ('AP000018', 'ARV-TDF-3TC-ATV', 'Tenofovir-Lamivudine-Atazanavir', 'Second-line regimen with boosted protease inhibitor', '18+', 'Adults', CURRENT_TIMESTAMP);
INSERT INTO ARVProtocol VALUES ('AP000019', 'ARV-ABC-3TC-EFV', 'Abacavir-Lamivudine-Efavirenz', 'Used in pediatric patients transitioning to adult regimens', '12-18', 'Adolescents', CURRENT_TIMESTAMP);
INSERT INTO ARVProtocol VALUES ('AP000020', 'ARV-TDF-FTC-RPV', 'Tenofovir-Emtricitabine-Rilpivirine', 'Alternative for virologically suppressed patients', '18+', 'Stable Adults', CURRENT_TIMESTAMP);


-- 8. Bảng TreatmentPlan

INSERT INTO TreatmentPlan VALUES ('TP000001', 'PT000001', 'DT000001', 'AP000001', 1, 'HIV stage 1', N'Đang điều trị', CURRENT_TIMESTAMP);
INSERT INTO TreatmentPlan VALUES ('TP000002', 'PT000002', 'DT000002', 'AP000002', 1, 'HIV stage 2', N'Đang điều trị', CURRENT_TIMESTAMP);
INSERT INTO TreatmentPlan VALUES ('TP000003', 'PT000003', 'DT000003', 'AP000003', 2, 'HIV stage 3', N'Đang điều trị', CURRENT_TIMESTAMP);
INSERT INTO TreatmentPlan VALUES ('TP000004', 'PT000004', 'DT000004', 'AP000004', 1, 'HIV stage 1', N'Đang điều trị', CURRENT_TIMESTAMP);
INSERT INTO TreatmentPlan VALUES ('TP000005', 'PT000005', 'DT000005', 'AP000005', 2, 'HIV stage 2', N'Đang điều trị', CURRENT_TIMESTAMP);
INSERT INTO TreatmentPlan VALUES ('TP000006', 'PT000006', 'DT000006', 'AP000006', 1, 'HIV stage 1', N'Đang điều trị', CURRENT_TIMESTAMP);
INSERT INTO TreatmentPlan VALUES ('TP000007', 'PT000007', 'DT000007', 'AP000007', 3, 'HIV stage 3', N'Đang điều trị', CURRENT_TIMESTAMP);
INSERT INTO TreatmentPlan VALUES ('TP000008', 'PT000008', 'DT000008', 'AP000008', 2, 'HIV stage 2', N'Đang điều trị', CURRENT_TIMESTAMP);
INSERT INTO TreatmentPlan VALUES ('TP000009', 'PT000009', 'DT000009', 'AP000009', 1, 'HIV stage 1', N'Đang điều trị', CURRENT_TIMESTAMP);
INSERT INTO TreatmentPlan VALUES ('TP000010', 'PT000010', 'DT000010', 'AP000010', 2, 'HIV stage 2', N'Đang điều trị', CURRENT_TIMESTAMP);

INSERT INTO TreatmentPlan VALUES ('TP000011', 'PT000011', 'DT000011', 'AP000011', 1, 'HIV stage 1', N'Đang điều trị', CURRENT_TIMESTAMP);
INSERT INTO TreatmentPlan VALUES ('TP000012', 'PT000012', 'DT000012', 'AP000012', 2, 'HIV stage 2', N'Cải thiện tích cực', CURRENT_TIMESTAMP);
INSERT INTO TreatmentPlan VALUES ('TP000013', 'PT000013', 'DT000013', 'AP000013', 1, 'HIV stage 2', N'Đã bắt đầu ARV', CURRENT_TIMESTAMP);
INSERT INTO TreatmentPlan VALUES ('TP000014', 'PT000014', 'DT000014', 'AP000014', 2, 'HIV stage 2', N'Theo dõi sát sao', CURRENT_TIMESTAMP);
INSERT INTO TreatmentPlan VALUES ('TP000015', 'PT000015', 'DT000015', 'AP000015', 1, 'HIV stage 1', N'Tiến triển chậm', CURRENT_TIMESTAMP);
INSERT INTO TreatmentPlan VALUES ('TP000016', 'PT000016', 'DT000016', 'AP000016', 3, 'HIV stage 3', N'Điều trị kháng thuốc', CURRENT_TIMESTAMP);
INSERT INTO TreatmentPlan VALUES ('TP000017', 'PT000017', 'DT000017', 'AP000017', 2, 'HIV stage 2', N'Ổn định sau điều trị', CURRENT_TIMESTAMP);
INSERT INTO TreatmentPlan VALUES ('TP000018', 'PT000018', 'DT000018', 'AP000018', 1, 'HIV stage 2', N'Trung bình, cần theo dõi', CURRENT_TIMESTAMP);
INSERT INTO TreatmentPlan VALUES ('TP000019', 'PT000019', 'DT000019', 'AP000019', 2, 'HIV stage 2', N'Đã đạt tải lượng virus không phát hiện', CURRENT_TIMESTAMP);
INSERT INTO TreatmentPlan VALUES ('TP000020', 'PT000020', 'DT000020', 'AP000020', 3, 'HIV stage 2', N'Tiến hành điều trị phối hợp', CURRENT_TIMESTAMP);



-- 9. Bảng Medication

INSERT INTO Medication VALUES ('MD000001', 'Tenofovir', 'Tablet', '300mg', 'Adults', CURRENT_TIMESTAMP);
INSERT INTO Medication VALUES ('MD000002', 'Lamivudine', 'Tablet', '150mg', 'Adults & Children', CURRENT_TIMESTAMP);
INSERT INTO Medication VALUES ('MD000003', 'Dolutegravir', 'Tablet', '50mg', 'Adults', CURRENT_TIMESTAMP);
INSERT INTO Medication VALUES ('MD000004', 'Efavirenz', 'Tablet', '600mg', 'Adults', CURRENT_TIMESTAMP);
INSERT INTO Medication VALUES ('MD000005', 'Zidovudine', 'Capsule', '100mg', 'Adults & Children', CURRENT_TIMESTAMP);
INSERT INTO Medication VALUES ('MD000006', 'Nevirapine', 'Tablet', '200mg', 'Adults', CURRENT_TIMESTAMP);
INSERT INTO Medication VALUES ('MD000007', 'Abacavir', 'Tablet', '300mg', 'Adults & Children', CURRENT_TIMESTAMP);
INSERT INTO Medication VALUES ('MD000008', 'Raltegravir', 'Tablet', '400mg', 'Adults', CURRENT_TIMESTAMP);
INSERT INTO Medication VALUES ('MD000009', 'Darunavir', 'Tablet', '600mg', 'Adults', CURRENT_TIMESTAMP);
INSERT INTO Medication VALUES ('MD000010', 'Ritonavir', 'Tablet', '100mg', 'Adults', CURRENT_TIMESTAMP);

-- 10. Bảng Prescription

INSERT INTO Prescription VALUES ('PR000001', 'TP000001', 'MD000001', 'DT000001', '10-04-2025', '10-07-2025', '1 viên mỗi ngày', 'First-line', CURRENT_TIMESTAMP);
INSERT INTO Prescription VALUES ('PR000002', 'TP000002', 'MD000002', 'DT000002', '15-05-2025', '15-08-2025', '1 viên 2 lần mỗi ngày', 'First-line', CURRENT_TIMESTAMP);
INSERT INTO Prescription VALUES ('PR000003', 'TP000003', 'MD000003', 'DT000003', '20-06-2025', '20-09-2025', '1 viên mỗi ngày', 'Second-line', CURRENT_TIMESTAMP);
INSERT INTO Prescription VALUES ('PR000004', 'TP000004', 'MD000004', 'DT000004', '25-04-2025', '25-10-2025', '1 viên mỗi tối', 'First-line', CURRENT_TIMESTAMP);
INSERT INTO Prescription VALUES ('PR000005', 'TP000005', 'MD000005', 'DT000005', '05-05-2025', '05-11-2025', '1 viên 2 lần mỗi ngày', 'Second-line', CURRENT_TIMESTAMP);
INSERT INTO Prescription VALUES ('PR000006', 'TP000006', 'MD000006', 'DT000006', '10-06-2025', '10-12-2025', '1 viên 2 lần mỗi ngày', 'First-line', CURRENT_TIMESTAMP);
INSERT INTO Prescription VALUES ('PR000007', 'TP000007', 'MD000007', 'DT000007', '15-04-2025', '15-06-2025', '1 viên 2 lần mỗi ngày', 'Third-line', CURRENT_TIMESTAMP);
INSERT INTO Prescription VALUES ('PR000008', 'TP000008', 'MD000008', 'DT000008', '20-05-2025', '20-08-2025', '1 viên 2 lần mỗi ngày', 'Second-line', CURRENT_TIMESTAMP);
INSERT INTO Prescription VALUES ('PR000009', 'TP000009', 'MD000009', 'DT000009', '25-04-2025', '25-09-2025', '1 viên 2 lần mỗi ngày', 'First-line', CURRENT_TIMESTAMP);
INSERT INTO Prescription VALUES ('PR000010', 'TP000010', 'MD000010', 'DT000010', '30-04-2025', '30-09-2025', '1 viên mỗi ngày với thức ăn', 'Second-line', CURRENT_TIMESTAMP);

INSERT INTO Prescription VALUES ('PR000011', 'TP000011', 'MD000001', 'DT000011', '11-04-2025', '11-07-2025', '1 viên mỗi ngày', 'First-line', CURRENT_TIMESTAMP);
INSERT INTO Prescription VALUES ('PR000012', 'TP000012', 'MD000002', 'DT000012', '12-04-2025', '12-07-2025', '1 viên mỗi sáng', 'Second-line', CURRENT_TIMESTAMP);
INSERT INTO Prescription VALUES ('PR000013', 'TP000013', 'MD000003', 'DT000013', '13-04-2025', '13-07-2025', '1 viên 2 lần mỗi ngày', 'Third-line', CURRENT_TIMESTAMP);
INSERT INTO Prescription VALUES ('PR000014', 'TP000014', 'MD000004', 'DT000014', '14-04-2025', '14-07-2025', '1 viên sau ăn', 'First-line', CURRENT_TIMESTAMP);
INSERT INTO Prescription VALUES ('PR000015', 'TP000015', 'MD000005', 'DT000015', '15-04-2025', '15-07-2025', '1 viên mỗi tối', 'Second-line', CURRENT_TIMESTAMP);
INSERT INTO Prescription VALUES ('PR000016', 'TP000016', 'MD000006', 'DT000016', '16-04-2025', '16-07-2025', '1 viên mỗi ngày', 'First-line', CURRENT_TIMESTAMP);
INSERT INTO Prescription VALUES ('PR000017', 'TP000017', 'MD000007', 'DT000017', '17-04-2025', '17-07-2025', '1 viên 3 lần mỗi ngày', 'Third-line', CURRENT_TIMESTAMP);
INSERT INTO Prescription VALUES ('PR000018', 'TP000018', 'MD000008', 'DT000018', '18-04-2025', '18-07-2025', '1 viên buổi trưa', 'Second-line', CURRENT_TIMESTAMP);
INSERT INTO Prescription VALUES ('PR000019', 'TP000019', 'MD000009', 'DT000019', '19-04-2025', '19-07-2025', '1 viên mỗi ngày với nước ấm', 'First-line', CURRENT_TIMESTAMP);
INSERT INTO Prescription VALUES ('PR000020', 'TP000020', 'MD000010', 'DT000020', '20-04-2025', '20-07-2025', '1 viên mỗi ngày với thức ăn', 'Second-line', CURRENT_TIMESTAMP);



-- 11. Bảng Booking
INSERT INTO Booking VALUES ('BK000001', 'PT000001', 'DT000001', N'Tư vấn', 'CD4, Viral Load', '10-01-2025 09:00:00', N'Thành công', 'https://meet.google.com/abc-defg-hij', N'Tái khám định kỳ');
INSERT INTO Booking VALUES ('BK000002', 'PT000002', 'DT000002', N'Khám mới', 'None', '18-01-2025 10:00:00', N'Thành công', NULL, N'Khám lần đầu');
INSERT INTO Booking VALUES ('BK000003', 'PT000003', 'DT000003', N'Tái khám', 'CD4', '25-02-2025 11:00:00', N'Thành công', 'https://meet.google.com/klm-nopq-rst', N'Đánh giá sau 3 tháng');
INSERT INTO Booking VALUES ('BK000004', 'PT000004', 'DT000004', N'Cấp cứu', 'Full Panel', '03-03-2025 08:00:00', N'Thành công', NULL, N'Sốt cao, khó thở');
INSERT INTO Booking VALUES ('BK000005', 'PT000005', 'DT000005', N'Tư vấn', 'None', '12-03-2025 14:00:00', N'Đã hủy', NULL, N'Tư vấn dinh dưỡng');
INSERT INTO Booking VALUES ('BK000006', 'PT000006', 'DT000006', N'Tái khám', 'Viral Load', '26-04-2025 15:00:00', N'Thành công', NULL, N'Đánh giá sau 6 tháng');
INSERT INTO Booking VALUES ('BK000007', 'PT000007', 'DT000007', N'Khám mới', 'CD4, Viral Load', '08-05-2025 16:00:00', N'Thành công', 'https://meet.google.com/uvw-xyza-bcd', N'Chuyển từ cơ sở khác');
INSERT INTO Booking VALUES ('BK000008', 'PT000008', 'DT000008', N'Theo dõi', 'CD4', '14-05-2025 11:00:00', N'Thành công', NULL, N'Theo dõi tác dụng phụ');
INSERT INTO Booking VALUES ('BK000009', 'PT000009', 'DT000009', N'Tư vấn', 'None', '05-06-2025 09:00:00', N'Thành công', 'https://meet.google.com/efg-hijk-lmn', N'Tư vấn tâm lý');
INSERT INTO Booking VALUES ('BK000010', 'PT000010', 'DT000010', N'Tái khám', 'Full Panel', '20-06-2025 10:00:00', N'Thành công', NULL, N'Đánh giá toàn diện sau 1 năm');

INSERT INTO Booking VALUES ('BK000011', 'PT000011', 'DT000011', N'Tư vấn', 'CD4', '06-01-2025 09:00:00', N'Thành công', 'https://meet.google.com/abc-xyz1-111', N'Tư vấn kết quả xét nghiệm');
INSERT INTO Booking VALUES ('BK000012', 'PT000012', 'DT000012', N'Tái khám', 'Viral Load', '13-01-2025 10:00:00', N'Thành công', NULL, N'Tái khám theo lịch');
INSERT INTO Booking VALUES ('BK000013', 'PT000013', 'DT000013', N'Khám mới', 'None', '22-02-2025 14:00:00', N'Thành công', NULL, N'Khám lần đầu tại cơ sở');
INSERT INTO Booking VALUES ('BK000014', 'PT000014', 'DT000014', N'Cấp cứu', 'Full Panel', '01-03-2025 08:30:00', N'Thành công', 'https://meet.google.com/urgent-003', N'Bệnh nhân sốt cao');
INSERT INTO Booking VALUES ('BK000015', 'PT000015', 'DT000015', N'Theo dõi', 'CD4', '17-03-2025 15:45:00', N'Thành công', NULL, N'Theo dõi tác dụng phụ thuốc');
INSERT INTO Booking VALUES ('BK000016', 'PT000016', 'DT000016', N'Tư vấn', 'None', '28-03-2025 13:15:00', N'Thành công', 'https://meet.google.com/health-talk1', N'Tư vấn chăm sóc sức khỏe');
INSERT INTO Booking VALUES ('BK000017', 'PT000017', 'DT000017', N'Tái khám', 'CD4, Viral Load', '04-04-2025 11:00:00', N'Thành công', NULL, N'Tái khám định kỳ');
INSERT INTO Booking VALUES ('BK000018', 'PT000018', 'DT000018', N'Khám mới', 'None', '19-04-2025 10:00:00', N'Đã hủy', NULL, N'Bệnh nhân tự hủy lịch');
INSERT INTO Booking VALUES ('BK000019', 'PT000019', 'DT000019', N'Tư vấn', 'None', '02-05-2025 09:00:00', N'Thành công', 'https://meet.google.com/mental-support', N'Hỗ trợ tâm lý');
INSERT INTO Booking VALUES ('BK000020', 'PT000020', 'DT000020', N'Tái khám', 'Full Panel', '16-06-2025 14:30:00', N'Thành công', NULL, N'Tổng kiểm tra giữa năm');

--12. Bảng LabTests

INSERT INTO LabTests VALUES ('LT000001', 'BK000001', 'TP000001', 'CD4 Count', 'CD4-001', 'Immunology', '450 cells/mm³', 350, NULL, N'Hoàn thành', N'Cần theo dõi');
INSERT INTO LabTests VALUES ('LT000002', 'BK000002', 'TP000002', 'Viral Load', 'VL-002', 'Virology', 'Undetectable <20 copies/ml', NULL, 100000, N'Hoàn thành', N'Kết quả tốt');
INSERT INTO LabTests VALUES ('LT000003', 'BK000003', 'TP000003', 'Complete Blood Count', 'CBC-003', 'Hematology', 'Normal', NULL, NULL, N'Hoàn thành', N'Đang xử lý kết quả');
INSERT INTO LabTests VALUES ('LT000004', 'BK000004', 'TP000004', 'Liver Function Test', 'LFT-004', 'Biochemistry', 'ALT: 45, AST: 42', NULL, NULL, N'Hoàn thành', N'Chức năng gan bình thường');
INSERT INTO LabTests VALUES ('LT000005', 'BK000005', 'TP000005', 'Kidney Function Test', 'KFT-005', 'Biochemistry', 'Creatinine: 0.9', NULL, NULL, N'Hoàn thành', N'Đang xử lý kết quả');
INSERT INTO LabTests VALUES ('LT000006', 'BK000006', 'TP000006', 'CD4 Count', 'CD4-006', 'Immunology', '650 cells/mm³', 600, NULL, N'Hoàn thành', N'Kết quả tốt');
INSERT INTO LabTests VALUES ('LT000007', 'BK000007', 'TP000007', 'HIV Resistance Test', 'RES-007', 'Molecular', 'No resistance detected', NULL, NULL, N'Hoàn thành', N'Không phát hiện kháng thuốc');
INSERT INTO LabTests VALUES ('LT000008', 'BK000008', 'TP000008', 'Tuberculosis Test', 'TB-008', 'Microbiology', 'Negative', NULL, NULL, N'Hoàn thành', N'Cần thực hiện lại');
INSERT INTO LabTests VALUES ('LT000009', 'BK000009', 'TP000009', 'Viral Load', 'VL-009', 'Virology', '<50 copies/ml', NULL, 5000, N'Hoàn thành', N'Kiểm soát virus tốt');
INSERT INTO LabTests VALUES ('LT000010', 'BK000010', 'TP000010', 'Hepatitis Co-infection', 'HEP-010', 'Serology', 'Negative for Hep B and C', NULL, NULL, N'Hoàn thành', N'Đang chờ kết quả');

INSERT INTO LabTests VALUES ('LT000011', 'BK000011', 'TP000011', 'CD4 Count', 'CD4-011', 'Immunology', '480 cells/mm³', 400, NULL, N'Hoàn thành', N'Theo dõi định kỳ');
INSERT INTO LabTests VALUES ('LT000012', 'BK000012', 'TP000012', 'Viral Load', 'VL-012', 'Virology', 'Undetectable <20 copies/ml', NULL, 80000, N'Hoàn thành', N'Kết quả rất tốt');
INSERT INTO LabTests VALUES ('LT000013', 'BK000013', 'TP000013', 'Liver Function Test', 'LFT-013', 'Biochemistry', 'ALT: 39, AST: 36', NULL, NULL, N'Hoàn thành', N'Chức năng gan ổn');
INSERT INTO LabTests VALUES ('LT000014', 'BK000014', 'TP000014', 'Complete Blood Count', 'CBC-014', 'Hematology', 'Normal', NULL, NULL, N'Hoàn thành', N'Huyết học ổn định');
INSERT INTO LabTests VALUES ('LT000015', 'BK000015', 'TP000015', 'HIV Resistance Test', 'RES-015', 'Molecular', 'No resistance detected', NULL, NULL, N'Hoàn thành', N'Không có kháng thuốc');
INSERT INTO LabTests VALUES ('LT000016', 'BK000016', 'TP000016', 'Tuberculosis Test', 'TB-016', 'Microbiology', 'Negative', NULL, NULL, N'Hoàn thành', N'Không phát hiện lao');
INSERT INTO LabTests VALUES ('LT000017', 'BK000017', 'TP000017', 'CD4 Count', 'CD4-017', 'Immunology', '510 cells/mm³', 450, NULL, N'Hoàn thành', N'CD4 ổn định');
INSERT INTO LabTests VALUES ('LT000018', 'BK000018', 'TP000018', 'Kidney Function Test', 'KFT-018', 'Biochemistry', 'Creatinine: 1.0', NULL, NULL, N'Hoàn thành', N'Đang kiểm tra thêm');
INSERT INTO LabTests VALUES ('LT000019', 'BK000019', 'TP000019', 'Hepatitis Co-infection', 'HEP-019', 'Serology', 'Negative for Hep B and C', NULL, NULL, N'Hoàn thành', N'Không có đồng nhiễm');
INSERT INTO LabTests VALUES ('LT000020', 'BK000020', 'TP000020', 'Viral Load', 'VL-020', 'Virology', '<50 copies/ml', NULL, 12000, N'Hoàn thành', N'Kiểm soát virus tốt');


--13. Bảng Reminder

INSERT INTO Reminder VALUES ('RM000001', 'PT000001', 'TP000001', 'PR000001', 'Medication', '25-06-2025 08:00:00', N'Nhắc uống thuốc Tenofovir');
INSERT INTO Reminder VALUES ('RM000002', 'PT000002', 'TP000002', 'PR000002', 'Appointment', '15-06-2025 20:00:00', N'Nhắc lịch hẹn ngày mai lúc 10:00');
INSERT INTO Reminder VALUES ('RM000003', 'PT000003', 'TP000003', 'PR000003', 'Medication', '25-06-2025 08:00:00', N'Nhắc uống thuốc Dolutegravir');
INSERT INTO Reminder VALUES ('RM000004', 'PT000004', 'TP000004', 'PR000004', 'Lab Test', '16-06-2025 14:00:00', N'Nhắc xét nghiệm CD4 vào ngày 18/06');
INSERT INTO Reminder VALUES ('RM000005', 'PT000005', 'TP000005', 'PR000005', 'Medication', '25-06-2025 08:00:00', N'Nhắc uống thuốc Zidovudine');
INSERT INTO Reminder VALUES ('RM000006', 'PT000006', 'TP000006', 'PR000006', 'Appointment', '19-06-2025 16:00:00', N'Nhắc lịch hẹn ngày mai lúc 15:00');
INSERT INTO Reminder VALUES ('RM000007', 'PT000007', 'TP000007', 'PR000007', 'Medication', '25-06-2025 08:00:00', N'Nhắc uống thuốc Abacavir');
INSERT INTO Reminder VALUES ('RM000008', 'PT000008', 'TP000008', 'PR000008', 'Lab Test', '20-06-2025 18:00:00', N'Nhắc xét nghiệm CD4 vào ngày 22/06');
INSERT INTO Reminder VALUES ('RM000009', 'PT000009', 'TP000009', 'PR000009', 'Medication', '25-06-2025 08:00:00', N'Nhắc uống thuốc Darunavir');
INSERT INTO Reminder VALUES ('RM000010', 'PT000010', 'TP000010', 'PR000010', 'Appointment', '23-06-2025 15:00:00', N'Nhắc lịch hẹn ngày mai lúc 10:00');

INSERT INTO Reminder VALUES ('RM000011', 'PT000011', 'TP000011', 'PR000011', 'Medication', '26-06-2025 08:30:00', N'Nhắc uống thuốc Lamivudine');
INSERT INTO Reminder VALUES ('RM000012', 'PT000012', 'TP000012', 'PR000012', 'Appointment', '27-06-2025 09:45:00', N'Nhắc lịch hẹn khám tổng quát lúc 10:00');
INSERT INTO Reminder VALUES ('RM000013', 'PT000013', 'TP000013', 'PR000013', 'Lab Test', '28-06-2025 10:15:00', N'Nhắc xét nghiệm máu định kỳ');
INSERT INTO Reminder VALUES ('RM000014', 'PT000014', 'TP000014', 'PR000014', 'Medication', '29-06-2025 11:00:00', N'Nhắc uống thuốc Efavirenz');
INSERT INTO Reminder VALUES ('RM000015', 'PT000015', 'TP000015', 'PR000015', 'Lab Test', '30-06-2025 13:30:00', N'Nhắc xét nghiệm chức năng gan');
INSERT INTO Reminder VALUES ('RM000016', 'PT000016', 'TP000016', 'PR000016', 'Appointment', '01-07-2025 14:45:00', N'Nhắc lịch hẹn tư vấn lúc 15:00');
INSERT INTO Reminder VALUES ('RM000017', 'PT000017', 'TP000017', 'PR000017', 'Medication', '02-07-2025 15:00:00', N'Nhắc uống thuốc Emtricitabine');
INSERT INTO Reminder VALUES ('RM000018', 'PT000018', 'TP000018', 'PR000018', 'Lab Test', '03-07-2025 16:20:00', N'Nhắc kiểm tra tải lượng virus');
INSERT INTO Reminder VALUES ('RM000019', 'PT000019', 'TP000019', 'PR000019', 'Medication', '04-07-2025 17:00:00', N'Nhắc uống thuốc Rilpivirine');
INSERT INTO Reminder VALUES ('RM000020', 'PT000020', 'TP000020', 'PR000020', 'Appointment', '05-07-2025 17:45:00', N'Nhắc lịch tái khám lúc 14:00 ngày mai');



--14. Bảng Payment

INSERT INTO Payment VALUES ('PM000001', 'BK000001', 500000, '15-06-2025 10:00:00', N'Tiền mặt', N'Thành công', N'Thanh toán đầy đủ', CURRENT_TIMESTAMP);
INSERT INTO Payment VALUES ('PM000002', 'BK000002', 750000, '16-06-2025 11:30:00', N'Chuyển khoản', N'Đang chờ', N'Chờ xác nhận từ ngân hàng', CURRENT_TIMESTAMP);
INSERT INTO Payment VALUES ('PM000003', 'BK000003', 450000, '17-06-2025 12:00:00', N'Thẻ tín dụng', N'Thành công', N'Thanh toán đầy đủ', CURRENT_TIMESTAMP);
INSERT INTO Payment VALUES ('PM000004', 'BK000004', 1200000, '18-06-2025 09:30:00', N'Bảo hiểm', N'Thành công', N'Bảo hiểm chi trả 80%', CURRENT_TIMESTAMP);
INSERT INTO Payment VALUES ('PM000005', 'BK000005', 300000, '19-06-2025 15:30:00', N'Tiền mặt', N'Thành công', N'Hủy lịch hẹn', CURRENT_TIMESTAMP);
INSERT INTO Payment VALUES ('PM000006', 'BK000006', 600000, '20-06-2025 16:30:00', N'Chuyển khoản', N'Đang chờ', N'Chờ xác nhận từ ngân hàng', CURRENT_TIMESTAMP);
INSERT INTO Payment VALUES ('PM000007', 'BK000007', 800000, '21-06-2025 17:30:00', N'Thẻ tín dụng', N'Thành công', N'Thanh toán đầy đủ', CURRENT_TIMESTAMP);
INSERT INTO Payment VALUES ('PM000008', 'BK000008', 550000, '22-06-2025 12:30:00', N'Tiền mặt', N'Đang chờ', N'Thanh toán một phần', CURRENT_TIMESTAMP);
INSERT INTO Payment VALUES ('PM000009', 'BK000009', 250000, '23-06-2025 10:30:00', N'Chuyển khoản', N'Thất bại', N'Thanh toán đầy đủ', CURRENT_TIMESTAMP);
INSERT INTO Payment VALUES ('PM000010', 'BK000010', 900000, '24-06-2025 11:30:00', N'Bảo hiểm', N'Đang chờ', N'Chờ xác nhận từ bảo hiểm', CURRENT_TIMESTAMP);

INSERT INTO Payment VALUES ('PM000011', 'BK000011', 650000, '25-06-2025 08:45:00', N'Tiền mặt', N'Thành công', N'Thanh toán đầy đủ', CURRENT_TIMESTAMP);
INSERT INTO Payment VALUES ('PM000012', 'BK000012', 720000, '26-06-2025 09:30:00', N'Chuyển khoản', N'Đang chờ', N'Chờ xác nhận từ ngân hàng', CURRENT_TIMESTAMP);
INSERT INTO Payment VALUES ('PM000013', 'BK000013', 480000, '27-06-2025 11:15:00', N'Thẻ tín dụng', N'Thành công', N'Thanh toán đầy đủ', CURRENT_TIMESTAMP);
INSERT INTO Payment VALUES ('PM000014', 'BK000014', 1050000, '28-06-2025 14:00:00', N'Bảo hiểm', N'Thành công', N'Bảo hiểm chi trả 80%', CURRENT_TIMESTAMP);
INSERT INTO Payment VALUES ('PM000015', 'BK000015', 310000, '29-06-2025 10:20:00', N'Tiền mặt', N'Thành công', N'Hủy lịch hẹn', CURRENT_TIMESTAMP);
INSERT INTO Payment VALUES ('PM000016', 'BK000016', 580000, '30-06-2025 13:10:00', N'Chuyển khoản', N'Đang chờ', N'Chờ xác nhận từ ngân hàng', CURRENT_TIMESTAMP);
INSERT INTO Payment VALUES ('PM000017', 'BK000017', 820000, '01-07-2025 16:25:00', N'Thẻ tín dụng', N'Thành công', N'Thanh toán đầy đủ', CURRENT_TIMESTAMP);
INSERT INTO Payment VALUES ('PM000018', 'BK000018', 530000, '02-07-2025 12:45:00', N'Tiền mặt', N'Đang chờ', N'Thanh toán một phần', CURRENT_TIMESTAMP);
INSERT INTO Payment VALUES ('PM000019', 'BK000019', 260000, '03-07-2025 09:55:00', N'Chuyển khoản', N'Thất bại', N'Thanh toán đầy đủ', CURRENT_TIMESTAMP);
INSERT INTO Payment VALUES ('PM000020', 'BK000020', 910000, '04-07-2025 17:40:00', N'Bảo hiểm', N'Đang chờ', N'Chờ xác nhận từ bảo hiểm', CURRENT_TIMESTAMP);

